date,total_cases,pop,areaidx,polyid_city,yearx,urban,transportation,Cropland,Forest,Grassland,Shrub,elevation,in_migration,in_migration_norm,out_migration,out_migration_norm2,Tmean,Precipitation,Rh,Sun,cityid,countyid,year,month,logpop,polyid,cityx,Tmean_1m,Precipitation_1m,Rh_1m,Sun_1m,Tmean_2m,Precipitation_2m,Rh_2m,Sun_2m,Tmean_3m,Precipitation_3m,Rh_3m,Sun_3m,Tmean_4m,Precipitation_4m,Rh_4m,Sun_4m,Tmean_5m,Precipitation_5m,Rh_5m,Sun_5m,Tmean_6m,Precipitation_6m,Rh_6m,Sun_6m,Rh_06m,Sun_01m,Precipitation_02m,urban_log,transportation_log,out_migration_g,in_migration_g,Cropland_log,Grassland_g,Shrub_g,elevation_g,Precipitation_02m_log,Tmean_1m_g,Rh_3m_g,Sun_01m_g
2021/11/1,0,954.4,16,2,11,78.4,11523.012,554.4963,140.9337,9.00E-04,9.00E-04,20.550996,2.03787252,0.398155295,2.19514536,0.513204334,13.76622301,107.3364307,75.98290215,98.22906463,330200,330282,2021,11,-2.349257501,31,6,20.829637,186.5383425,71.16477502,107.3149623,26.58327481,195.7028595,80.16223177,147.0198978,28.22576098,237.7438279,75.78264845,200.0128189,28.37716316,347.8625531,83.54906913,210.8211907,25.01178793,253.3656161,88.5766451,135.7709021,22.24863286,219.4935373,80.09607948,147.0198978,79.33062159,102.7720135,163.1925442,4.374498368,9.352188138,0.511560347,0.390064764,6.319861948,0.0189,9.00E-04,12.105322,5.101039789,21.11270064,75.48253272,100.1483795
2012/11/1,0,915.6,17,3,2,66.7,7915.53,196.4196,2372.8212,0.2889,0.279,420.668418,1.7802828,0.574730783,1.285186761,0.374535181,14.75717666,186.0072389,75.3886515,100.5907845,330300,330324,2012,11,-2.390760784,54,10,20.59602246,30.90708568,65.85082469,224.6602525,24.19683377,237.8096569,73.94990296,157.8182046,28.59997922,243.1679556,74.85253591,205.5908189,29.24053363,104.1381623,74.86482538,259.8638299,25.15547149,364.9300722,82.90361808,90.13030701,21.79821511,231.4630681,77.10016826,112.8224302,74.98721811,162.6255185,151.5746605,4.21508618,8.976708257,0.365615499,0.565108529,5.285331413,0.2745,0.279,419.8709655,5.027654053,20.32156853,74.60569857,160.0071731
2022/3/1,0,251.5,56,10,12,63.5,15135,91.3167,1788.7725,1.206,0.0792,871.168662,0.450041226,0.465559087,0.388878387,0.368022775,15.70448816,222.4406519,83.42696056,82.15965564,331100,331126,2022,3,-3.682897382,27,5,6.986625102,134.3212565,60.59238893,97.05619612,8.872994878,72.08333983,71.84428375,97.05619612,9.757758025,37.87418657,75.37499064,132.1171284,14.08912401,96.72954726,75.38418929,138.2343214,20.72524328,134.7362403,67.61980819,126.1865049,27.64840642,94.31771831,71.30919625,106.1253107,72.22168823,89.60792588,142.9484161,4.166665224,9.624831291,0.365615499,0.459548681,4.525225057,1.206,0.0738,871.168662,4.969455014,7.219989517,75.48253272,87.29434144
2012/7/1,0,454.4,20,4,2,55.3,7863.2,363.492,0.1872,0.0324,0.0018,3.362198,1.228648761,0.309868979,1.1462976,0.371197426,29.83765648,90.71803326,71.16492676,257.1724155,330400,330402,2012,7,-3.091362505,12,3,24.67689567,230.9586058,81.46390618,104.8009603,21.23568202,158.1871868,73.86194114,162.1587488,17.96634223,111.4570744,70.1382769,172.336797,9.871547041,201.4406673,73.81447625,126.3175736,4.555772208,113.8643209,75.75142795,67.38827914,4.64005834,104.3375381,74.82818817,72.15107445,74.43187762,180.9866879,159.9546086,4.030694535,8.970076094,0.365615499,0.309868979,5.898504603,0.0189,9.00E-04,12.105322,5.081122391,24.96099241,70.20986951,179.1966463
2021/3/1,0,954.4,12,2,11,78.4,11523.012,298.1079,844.506,0.0324,0.0063,203.561224,2.030649097,0.395256475,1.812302361,0.410878219,12.73331508,154.2334827,77.39828377,116.0981457,330200,330213,2021,3,-2.349257501,32,6,10.82669836,35.60031808,76.10983898,120.8668206,6.81416148,10.40241385,71.14021505,121.5174811,8.247585223,23.09619459,71.12789695,121.5174811,15.97205744,28.35148929,76.10983898,120.8668206,19.42487246,23.56227192,72.37151903,148.7804003,23.94875175,151.7403065,79.92168227,121.607195,74.88275358,118.4824832,66.74540488,4.374498368,9.352188138,0.410358747,0.390064764,5.700804378,0.0189,9.00E-04,203.561224,4.215756633,11.12303605,71.14021505,119.9508454
2018/8/1,0,325.9,22,5,8,63.5,8079,410.4081,232.3629,0.0189,9.00E-04,44.951634,1.488066043,0.592137222,1.2128724,0.517232966,29.07508888,281.974959,77.52854043,228.8006533,330500,330502,2018,8,-3.423749786,10,2,29.28869291,176.6384764,76.64728849,238.6490655,25.36363292,169.7543758,75.93067099,183.895897,22.87555684,174.640657,76.57946971,144.6222686,18.21183804,137.8447646,68.68972451,188.6980714,12.68790881,95.17002404,76.45924351,151.0746159,5.405675354,57.78310934,73.73773719,126.692802,75.08181069,233.7248594,209.4559371,4.166665224,8.997147152,0.511560347,0.588422476,6.019585666,0.0189,9.00E-04,36.857972,5.349276306,29.55605406,76.31589737,232.2395179
2017/6/1,0,501,31,6,7,65.5,10136,602.8344,1447.4475,0.0513,9.00E-04,167.086052,2.1154068,0.644729298,1.8023688,0.518755667,23.70155149,428.734085,83.82162097,73.56808603,330600,330681,2017,6,-2.993734271,44,8,22.50637573,112.5138931,70.39710239,200.4470055,18.09424108,186.6125354,67.67385519,187.7440953,11.04734868,177.7074416,73.15614553,116.9047536,7.822860543,37.8313624,67.18625382,131.4570766,7.711329646,61.9533729,77.4707793,114.1291496,9.681899151,37.10964857,77.85985981,125.0087778,73.93794529,137.0075458,242.6201712,4.197201948,9.223947375,0.511560347,0.643658664,6.403299988,0.072,9.00E-04,167.086052,5.495610337,22.65560618,72.81342099,139.6927838
2014/10/1,0,601.5,44,9,4,59.5,12283,151.0515,42.354,0.0261,9.00E-04,20.463846,0.79266708,0.565108529,1.277178735,0.477648805,20.61878773,24.26148901,69.06378561,214.689271,331000,331002,2014,10,-2.810913837,46,9,25.15438093,269.786406,82.45005672,115.4629397,27.03085673,290.3037406,84.68306053,116.6015963,28.02168059,153.8894052,80.23039523,214.8295092,23.76431069,307.6080432,83.44466992,110.9836915,20.69404057,221.9361122,79.96596207,103.154803,16.25153639,142.2519951,77.91517581,109.2620512,79.67901513,165.0761054,194.7838785,4.102643365,9.416052882,0.488397369,0.565108529,5.024219279,0.0189,9.00E-04,12.105322,5.27701139,24.96099241,80.66180699,166.0176124
2019/6/1,0,956.1,18,3,9,70.5,14904,142.7868,1603.5705,0.3384,0.0288,608.36327,1.5181776,0.207510767,1.814004,0.465744716,24.55798901,348.2661164,88.33461764,93.69938973,330300,330329,2019,6,-2.347477862,53,10,21.32164878,110.8884558,74.71308172,129.1850279,18.35018826,218.6862469,84.48843275,107.2246211,13.27158099,164.8896905,81.30045835,98.58384539,9.794437261,159.159808,87.32598665,22.23497697,9.570285373,65.12552683,80.3861446,86.19721693,11.49752315,49.05292462,80.06360819,56.15492384,82.37318999,111.4422088,225.9469397,4.26969745,9.609452006,0.457776718,0.20642163,4.968331647,0.3249,0.0216,608.36327,5.424716244,21.11270064,81.56708264,113.3259995
2020/4/1,0,529.1,33,6,10,71.02,10381,534.537,1139.2542,0.0927,9.00E-04,246.933992,1.662522686,0.505438015,1.554922286,0.505193976,16.15533861,53.67498191,62.75887767,192.4742718,330600,330683,2020,4,-2.939162922,41,8,12.84251563,134.2457586,75.84629818,99.31505127,10.06837126,88.28137488,75.64307388,114.5204325,7.706830552,160.6626585,83.40134788,67.06320544,9.08124138,81.33955873,78.57691669,133.057998,14.42033397,31.49226189,74.08310223,139.7093237,19.75170546,147.9646351,77.8849057,145.5416388,75.45636032,145.8946615,92.0673718,4.276943858,9.247828816,0.511560347,0.512607748,6.283269982,0.072,9.00E-04,246.933992,4.533323659,12.67106889,83.24733558,146.7052736
2017/5/1,0,921.5,19,3,7,69.7,8595.46,354.9096,738.531,0.0873,0.1791,221.628304,2.381712503,0.758789848,2.64971196,0.806139205,22.75661876,78.14698919,77.73628532,150.3317869,330300,330381,2017,5,-2.384337595,52,10,18.11114102,119.4426884,76.89223135,152.7796201,12.35828989,222.0263864,79.80069017,91.66901058,10.02802674,35.25737754,70.72013281,132.1094446,10.89723367,46.40279916,76.46055616,96.67521848,12.68020075,17.73646108,75.25350875,118.7994463,16.39749418,132.3133608,80.77196578,77.84057004,76.80505291,151.5557035,139.8720213,4.258445573,9.05910577,0.808849682,0.762450687,5.874676766,0.072,0.1791,226.174007,4.947851828,18.0560877,71.14021505,153.2510823
2018/10/1,1,678,40,7,8,67.7,12952,343.908,545.7825,0.0063,0.0018,199.785967,2.392894684,0.661372198,2.4820992,0.728797838,18.40203389,57.66284365,68.19363622,166.729864,330700,330782,2018,10,-2.691193084,21,4,25.58792028,163.5154542,74.05253405,164.8820764,29.07184725,212.720567,72.81136836,213.8823466,29.10197519,114.8048691,71.57799123,228.4713322,25.51687827,192.1608569,75.34528673,142.7554475,23.89114913,209.0157657,74.78459199,134.3564767,19.0991484,165.0552986,67.32356281,154.1555457,72.0127102,165.8059702,144.632955,4.229749199,9.469082701,0.738062589,0.661372198,5.843277715,0.0189,9.00E-04,203.561224,4.981089449,25.72661673,71.85307176,166.0176124
2016/8/1,0,917.5,17,3,6,69,8485,225.3672,2338.4394,0.2169,0.207,420.668418,0.992841561,0.364216039,0.80434728,0.382994152,29.21354246,109.9163394,76.85377769,222.6945396,330300,330324,2016,8,-2.388687792,54,10,29.63115601,75.15502285,79.42711756,246.4676102,25.90687499,269.4800144,86.41658162,110.5209549,22.65560618,205.5477072,83.16802614,122.4768677,17.79517583,268.2746644,87.13283748,70.16429388,12.59812985,143.007251,74.75650368,130.1081118,9.160463671,79.11009809,72.26587174,131.4070369,80.00295942,234.5810749,151.5171256,4.248495242,9.046173026,0.390373939,0.357710246,5.42215846,0.2205,0.2034,419.8709655,5.027276888,29.55605406,83.24733558,232.2395179
2012/12/1,0,454.4,20,4,2,55.3,7863.2,363.492,0.1872,0.0324,0.0054,3.362198,1.529479626,0.305791566,0.721293429,0,6.166423229,123.6569954,72.55735709,107.8599304,330400,330402,2012,12,-3.091362505,12,3,12.1378419,116.0124477,73.06921422,140.5639729,19.4280346,36.93055268,69.35443548,202.1365317,23.30747223,124.4257519,74.01298944,166.6587817,28.52100611,225.5051363,77.09574232,198.3559834,29.83765648,90.71803326,71.16492676,257.1724155,24.67689567,230.9586058,81.46390618,104.8009603,74.10265307,124.2119517,92.19999859,4.030694535,8.970076094,0,0.309868979,5.898504603,0.0189,9.00E-04,12.105322,4.534747707,11.85068594,73.74085262,125.9366788
2015/3/1,0,782.5,11,2,5,71.1,11182.8,249.147,325.4328,0.0324,9.00E-04,82.268929,2.3244624,0.459548681,1.983672,0.456681824,11.32108024,130.4592364,77.86386384,116.3081945,330200,330212,2015,3,-2.54784645,36,6,7.674050751,103.8046082,76.19600716,100.875672,7.080118459,68.95180512,70.01224608,112.4344792,6.466127012,24.1754135,62.62515685,158.7360625,15.04372566,55.47894273,77.5489018,110.2851419,20.21063124,25.27622239,71.72987012,192.2379146,24.52238099,259.1551044,84.51645144,94.93482146,74.35607104,108.5919333,101.0718832,4.278054044,9.322221582,0.457776718,0.459548681,5.522048745,0.0189,9.00E-04,71.046186,4.625677303,7.959079288,62.56297355,106.8825258
2018/11/1,0,1125.4,4,1,8,77.4,16520.29,281.1303,2729.196,1.2528,0.4203,414.765947,4.52952648,0.513061393,6.51552498,0.360610695,13.84707504,109.069801,83.76991815,92.89643077,330100,330112,2018,11,-2.184446565,4,1,17.90750452,45.89440764,69.69690811,181.8313702,25.077014,156.4931846,76.84124693,163.3769853,28.96626412,197.9848208,75.56991776,221.3044865,29.04572999,132.4870086,76.00274012,238.496581,25.13423381,214.2508912,78.26088214,171.5162123,23.2073284,198.1421861,78.95502253,139.3076253,77.01380511,137.3639005,103.8191311,4.361823927,9.712405131,0.365615499,0.512607748,5.642369021,1.2528,0.4203,414.765947,4.652236304,18.0560877,75.48253272,139.6927838
2019/2/1,0,526,29,6,9,68.4,10222,196.5438,111.2436,0.0027,9.00E-04,36.857972,2.265177729,0.754704764,1.887563829,0.641010858,6.899064451,187.8523506,87.74602425,25.46284842,330600,330621,2019,2,-2.945039159,NA,8,6.304713839,105.0218003,81.92433601,69.12164312,7.984430869,134.6732919,85.00271442,39.13882152,14.49414549,94.84971158,84.10961485,89.31527923,18.140182,38.39803903,72.01978632,170.3913413,25.39735243,209.0281395,78.78083124,161.2773753,29.11205783,251.1224602,76.10510532,223.31669,80.81263034,47.29224577,142.5158143,4.239886868,9.232395363,0.638839034,0.762450687,5.285960332,0.0189,9.00E-04,36.857972,4.966445233,6.466127012,84.10961485,48.41611425
2023/1/1,0,671.2,50,9,13,64.8,13298,491.2902,1183.3299,0.153,0.1089,207.043223,1.524286219,0.788527625,2.179502013,1,7.972494383,47.51885863,76.46213901,86.99395093,331000,331082,2023,1,-2.701273217,47,9,7.681303898,65.41241317,76.46213901,123.2720895,17.04933223,130.4016212,72.68118184,148.4919078,19.69940059,29.79263614,69.06378561,147.5220391,25.17541449,204.0072897,71.84428375,135.9971453,30.06347701,61.77105625,67.7105728,264.196479,29.93830384,41.98092988,71.84428375,264.196479,72.29548368,105.1330202,81.11096433,4.186619838,9.495444123,1,0.793705726,6.19906838,0.1728,0.1053,203.561224,4.408071556,7.959079288,69.48806347,106.8825258
2020/11/1,0,1196.5,7,1,10,83.29,16919,219.7116,3738.8529,0.3573,0.1134,360.117794,4.18119948,0.342545454,4.06209276,0.411201288,14.60644132,46.27671446,75.64966734,134.0127381,330100,330127,2020,11,-2.123184465,1,1,18.51716249,37.61801848,73.02530436,132.1544198,22.9478504,225.6038938,78.95454665,107.3149623,29.7836013,64.00216344,71.21455195,228.1080128,26.70957248,419.3204118,87.35301906,90.34711496,25.77946203,443.0007163,86.86599831,84.24156791,22.97962529,207.4690005,76.32699677,138.7432481,78.48429778,133.083579,103.1662089,4.434263234,9.736251633,0.410358747,0.33534771,5.396856872,0.3762,0.1053,354.979839,4.645987786,18.74479219,71.14021505,133.6002306
2014/8/1,0,601.5,46,9,4,59.5,12283,227.1015,629.2179,0.2358,0.0225,125.606196,1.2104964,0.644405388,1.2128724,0.588605061,27.03085673,290.3037406,84.68306053,116.6015963,331000,331022,2014,8,-2.810913837,48,9,28.02168059,153.8894052,80.23039523,214.8295092,23.76431069,307.6080432,83.44466992,110.9836915,20.69404057,221.9361122,79.96596207,103.154803,16.25153639,142.2519951,77.91517581,109.2620512,12.00242689,135.8749162,75.1100779,132.4296008,7.559956382,146.1452189,79.4661664,68.1465779,80.11650112,165.7155528,250.6003963,4.102643365,9.416052882,0.588605061,0.643658664,5.429790705,0.2205,0.0216,116.869122,5.5278421,28.1094771,79.73012083,166.0176124
2014/12/1,0,457,20,4,4,59.2,8067,354.33,0.2736,0.0144,0.0018,3.362198,1.1114604,0.22168031,1.1389752,0.971290381,6.047006056,17.79973593,63.88576394,172.4619044,330400,330402,2014,12,-3.085656981,12,3,14.56901067,62.81534881,79.30362275,114.688814,20.19279821,28.21571224,74.61760773,194.9703015,24.3997759,179.7061074,84.93576746,92.63954423,26.60853055,260.519021,86.42686439,105.1937945,28.03962602,205.8706214,82.87782682,172.3985586,23.91182704,217.1425942,81.51794007,98.1659837,79.08077045,143.5753592,36.27693233,4.097672352,8.995660899,0.971290381,0.20642163,5.873046935,0.0189,9.00E-04,12.105322,3.618374699,14.93963892,84.79347038,146.7052736
2018/11/1,0,523.1,21,4,8,66,8242,571.4397,0.2412,9.00E-04,9.00E-04,3.746798,1.6502292,0.644729298,1.528746557,0.606225897,14.63927599,110.1697023,85.11791133,96.93746726,330400,330483,2018,11,-2.950567722,13,3,18.70562985,35.55883326,71.69287539,173.9895623,25.72408276,218.4684435,80.16223177,148.5100725,29.44937255,264.4668505,79.37229291,238.6733136,29.43918761,136.8595188,79.17248193,240.2356512,25.38960398,191.2634074,79.05609429,171.0020556,23.01204549,167.7026975,78.29919901,141.5000846,78.98186952,135.4635148,121.398993,4.204692619,9.017119634,0.606225897,0.643658664,6.349907402,0.0189,9.00E-04,12.105322,4.807286143,18.74479219,79.73012083,133.6002306
2013/6/1,0,212.2,52,10,3,53.8,14537.2,120.7503,2289.501,0.1539,0.0387,462.848368,0.6615216,0.734747039,0.4658616,0.561773973,25.75598041,291.6625383,79.3992635,95.69329653,331100,331121,2013,6,-3.852811146,26,5,23.27989314,201.8665865,75.42360263,122.2052087,17.05311775,205.5750276,71.11956698,115.8120992,14.06657459,171.6205232,72.75776438,138.8309456,10.27739747,123.4316994,80.91023357,47.63482962,6.974307634,26.43532066,75.88088511,98.09469472,8.312903647,135.2183187,76.81259156,89.54166441,76.04341539,108.9492526,233.0347175,4.003690194,9.584534947,0.559872674,0.73485808,4.801972226,0.1728,0.036,462.848368,5.45546947,23.46422187,72.81342099,106.8825258
2018/8/1,0,522.3,26,6,8,66.6,10137,197.4843,111.5748,0.0027,9.00E-04,36.857972,1.54612476,0.531277588,1.570514748,0.533663901,29.11205783,251.1224602,76.10510532,223.31669,330600,330602,2018,8,-2.952098237,43,8,29.23470621,115.113639,74.59585891,236.8741002,25.34110762,190.6059546,77.03227089,159.581397,23.46422187,196.4207545,75.47177159,138.3237343,18.81071492,117.318627,67.50412328,170.4053481,13.60631027,82.90289945,74.10692694,153.1219069,6.213579442,51.23684097,72.98297641,120.4198927,73.97129048,230.0953951,185.6140179,4.213607983,9.224046019,0.536984987,0.531532866,5.290710004,0.0189,9.00E-04,36.857972,5.229042408,29.55605406,75.48253272,232.2395179
2018/3/1,0,244.4,54,10,8,61.5,15480.8,113.0499,2385.4158,0.6849,0.1584,707.411434,0.084611952,0,0.125994528,0.265245456,14.86906306,110.4091433,75.38418929,138.2343214,331100,331123,2018,3,-3.711534145,28,5,8.30620963,46.00066533,71.77234114,122.9815666,7.503610807,101.111824,79.62189905,81.08599364,8.85625469,38.38398636,73.65787878,127.9816495,15.15808162,129.2609925,79.93322407,79.91356263,21.03531305,32.77609575,72.74068964,154.3159648,27.12948159,83.71589281,74.11053841,181.3269854,75.31725148,130.607944,85.84054421,4.135166557,9.647420419,0.265245456,0,4.736636072,0.6579,0.1674,707.411434,4.464073612,7.959079288,73.74085262,133.6002306
2016/1/1,0,918.8,2,1,6,76.2,16306.07,423.1125,374.0391,0.0171,9.00E-04,70.142276,4.050285329,0.388723424,6.349003665,0.698727569,5.010927495,132.4412234,82.78678057,69.60408831,330100,330110,2016,1,-2.387271901,7,1,7.843199683,131.8607996,79.9512067,79.71478992,13.35651923,210.1849873,88.01317663,54.55953593,18.70151128,118.5248072,78.19672998,150.4662316,22.82093371,136.1685166,80.16481353,122.1422172,26.51326523,229.99946,80.18476746,160.9166954,25.72915069,353.0648913,83.39859319,135.7709021,81.81372401,74.65943912,158.1623368,4.346399457,9.699354035,0.690883811,0.390064764,6.04999875,0.0189,9.00E-04,71.046186,5.069924667,7.959079288,78.04507809,73.75999639
2014/6/1,0,213.1,53,10,4,55.2,14840.8,148.6026,1306.5552,0.5481,0.0081,502.769314,0.55279746,0.578933209,0.497027497,0.518755667,25.60738278,375.2204713,79.54577545,124.0438927,331100,331122,2014,6,-3.848578833,23,5,21.85447502,340.4030397,79.29227608,91.95524327,18.73809313,117.0064147,76.10023703,110.5994627,13.22513661,213.2501001,77.52501724,109.1936502,8.566397636,141.9145453,80.23659883,78.32458746,8.193923209,17.2118074,69.66458428,166.565013,7.56860349,136.1699405,67.26021964,142.7067564,75.66067265,107.999568,277.5433086,4.028916757,9.605202803,0.511560347,0.588422476,5.007982445,0.5634,9.00E-04,502.769314,5.629573554,21.7765019,77.11403091,106.8825258
2021/9/1,0,712,40,7,11,68.7,13284,341.7102,539.1369,0.0099,9.00E-04,199.785967,1.810674,0.424735587,1.92458916,0.550023539,27.21514336,94.93884703,79.62487781,124.438751,330700,330782,2021,9,-2.642262461,21,4,27.98190705,290.3784017,81.77859981,124.438751,28.6788333,212.692472,66.82457478,213.8823466,25.71288651,351.0233736,82.97457115,94.82366878,22.90063287,335.3061855,73.28260295,164.8820764,17.77631826,89.74861827,68.19363622,159.1457947,13.78951084,171.6296884,75.49994042,86.79288723,75.45411473,124.438751,199.3365736,4.244200318,9.494390858,0.559872674,0.413375416,5.836885192,0.0189,9.00E-04,203.561224,5.29999882,28.1094771,83.24733558,125.9366788
2014/5/1,0,213.1,57,10,4,55.2,14840.8,39.159,1879.7913,0.7011,0.1008,728.275011,0.3960756,0.447958916,0.408117716,0.353307698,21.85447502,340.4030397,79.29227608,91.95524327,331100,331127,2014,5,-3.848578833,24,5,18.73809313,117.0064147,76.10023703,110.5994627,13.22513661,213.2501001,77.52501724,109.1936502,8.566397636,141.9145453,80.23659883,78.32458746,8.193923209,17.2118074,69.66458428,166.565013,7.56860349,136.1699405,67.26021964,142.7067564,14.27161548,92.98816257,73.30990502,134.2979642,74.76983402,101.277353,223.5531848,4.028916757,9.605202803,0.365615499,0.43997218,3.692846575,0.7011,0.1053,728.275011,5.414112583,18.74479219,80.66180699,100.1483795
2014/11/1,0,781.1,11,2,4,70.3,11045.4,251.3988,326.0934,0.0396,9.00E-04,82.268929,0.888768581,0,0.275042304,0,15.04372566,55.47894273,77.5489018,110.2851419,330200,330212,2014,11,-2.549637189,36,6,20.21063124,25.27622239,71.72987012,192.2379146,24.52238099,259.1551044,84.51645144,94.93482146,26.72776871,297.7027323,84.91115834,110.7844938,27.89631702,165.1902859,81.24237297,184.7341917,23.38683888,300.4496828,82.98126339,98.83399467,20.93561835,174.5908007,74.58413573,136.2368908,79.64487911,151.2615283,113.3034232,4.266896327,9.309859862,0,0,5.531010376,0.0189,9.00E-04,71.046186,4.738856519,20.32156853,84.79347038,153.2510823
2013/1/1,0,494.9,28,6,3,61,9785.55,563.2515,514.0458,0.1062,9.00E-04,69.476453,1.167310335,0.368515503,1.371266245,0.362796836,4.950534254,30.70290265,78.02965691,96.07521321,330600,330604,2013,1,-3.00598465,40,8,6.330102737,134.4043755,74.79581832,99.67541081,12.04704646,129.1437205,75.3669256,124.2191278,19.21285425,36.76948857,67.62485246,198.5378967,23.05013673,194.8924532,74.6325921,151.6891298,28.27222038,242.3688646,75.97470311,185.9013278,29.82385591,91.62223811,68.222563,255.2883089,73.52101593,97.87531201,98.08366622,4.127134385,9.188764273,0.365615499,0.357710246,6.335500074,0.1179,9.00E-04,71.046186,4.595964607,6.466127012,67.62485246,100.1483795
2014/1/1,0,495.6,26,6,4,62.1,9893.01,201.2949,113.8707,0.0198,9.00E-04,36.857972,1.232975057,0.296855333,1.054762142,0.390753056,7.132056996,29.69249175,69.38210492,163.3280154,330600,330602,2014,1,-3.004571222,43,8,6.198551409,97.04451042,67.70432507,123.3919802,13.30204811,53.73751775,69.64290329,151.1434366,19.3221275,220.312033,73.17146827,145.0370343,25.00265301,35.58771787,71.85925677,178.4175879,30.56301654,198.3341925,64.79152102,236.5259321,31.31178312,17.72863124,59.2130849,305.2959416,67.96638061,143.3599978,60.15817331,4.14472077,9.199684803,0.390373939,0.284822872,5.309726534,0.0189,9.00E-04,36.857972,4.113463513,6.466127012,72.81342099,146.7052736
2013/6/1,0,494.9,27,6,3,61,9785.55,253.1943,573.9885,0.0531,9.00E-04,116.869122,1.759441239,0.545524915,2.172474348,0.558165575,24.74598109,310.4034532,81.81404198,83.31705773,330600,330603,2013,6,-3.00598465,39,8,22.58010914,95.57892554,73.19628915,163.3652382,16.37900508,128.5641671,62.43455906,167.1079708,12.00402104,135.6774443,71.72731159,142.4648941,7.561853352,93.43857313,83.1589694,44.74933134,4.950534254,30.70290265,78.02965691,96.07521321,6.330102737,134.4043755,74.79581832,99.67541081,75.02237806,123.341148,178.1821819,4.127134385,9.188764273,0.559872674,0.531532866,5.538098935,0.072,9.00E-04,116.869122,5.188403064,22.65560618,71.85307176,125.9366788
2019/11/1,0,956.1,19,3,9,70.5,14904,360.7866,730.3905,0.0639,0.1413,221.628304,2.6883981,0.709132694,1.4077836,0.843110545,16.70679589,18.97388598,69.92470209,154.0275534,330300,330381,2019,11,-2.347477862,52,10,21.798867,72.84018381,73.48457648,175.6577565,26.16401319,109.8032308,71.01455799,219.4309975,28.9359515,196.3161471,78.96143492,200.7780881,27.96908677,216.2570562,86.47247549,135.5583552,24.55798901,348.2661164,88.33461764,93.69938973,21.32164878,110.8884558,74.71308172,129.1850279,77.5579209,164.842655,67.20576686,4.26969745,9.609452006,0.836748282,0.715216454,5.891054535,0.072,0.1368,226.174007,4.222529119,21.7765019,78.83347929,166.0176124
2022/3/1,0,1237.6,2,1,12,84,16632,409.2021,375.354,9.00E-04,0.0063,70.142276,3.898355458,0.305048611,3.886157381,0.390582807,14.03188386,231.6780844,81.87017922,92.89643077,330100,330110,2022,3,-2.089411073,7,1,5.042781009,121.7106933,88.90724523,71.3168189,6.405349252,112.5720747,79.04697344,132.1544198,8.354266219,16.15537132,75.23438472,108.7449057,13.1638604,66.45349996,73.11833805,122.5911097,19.9378315,87.66707169,69.31322366,151.2876325,26.85506338,68.90114152,71.21455195,228.1080128,76.95784232,82.10662484,155.3202841,4.442651256,9.719143953,0.390373939,0.309868979,6.016649965,0.0189,9.00E-04,71.046186,5.051907006,5.010927495,75.48253272,80.40632124
2014/6/1,0,213.1,55,10,4,55.2,14840.8,35.5878,912.4938,0.2799,0.0369,563.338489,0.62656308,0.597819798,0.551139677,0.565581931,25.60738278,375.2204713,79.54577545,124.0438927,331100,331125,2014,6,-3.848578833,29,5,21.85447502,340.4030397,79.29227608,91.95524327,18.73809313,117.0064147,76.10023703,110.5994627,13.22513661,213.2501001,77.52501724,109.1936502,8.566397636,141.9145453,80.23659883,78.32458746,8.193923209,17.2118074,69.66458428,166.565013,7.56860349,136.1699405,67.26021964,142.7067564,75.66067265,107.999568,277.5433086,4.028916757,9.605202803,0.559872674,0.588422476,3.599714852,0.2745,0.036,563.338489,5.629573554,21.7765019,77.11403091,106.8825258
2014/2/1,0,889.2,1,1,4,75.1,16024.48,378.7173,248.589,0.0423,9.00E-04,36.146003,2.564776684,0.609606332,2.458516629,0.483550177,5.956750435,174.1864387,81.66619854,67.45680109,330100,330109,2014,2,-2.42001819,6,1,6.320847336,31.77918061,67.75925713,164.118625,5.30815296,94.67470575,65.86593951,151.2876325,12.51456082,54.48299161,69.15388248,165.3522505,18.47821142,167.7370663,70.33305348,168.0180375,24.00212824,60.56957009,72.10867698,168.5711696,29.68825472,148.8453943,63.25226464,235.6151948,70.01989611,115.787713,100.2134417,4.332048265,9.681935235,0.488397369,0.608021028,5.939427028,0.0189,9.00E-04,36.857972,4.617231571,6.466127012,69.48806347,113.3259995
2017/9/1,0,218.6,55,10,7,59.7,15538,40.5009,905.8671,0.3906,0.0387,563.338489,0.531657871,0.585901167,0.4925556,0.513165105,27.12948159,83.71589281,74.11053841,181.3269854,331100,331125,2017,9,-3.823096796,29,5,29.33031132,166.7849488,76.03362412,234.566988,29.89741196,98.74560774,72.48999731,256.4164498,23.84626254,515.5978683,90.11023619,43.32754596,23.35477151,120.9894537,71.87338535,175.4171944,18.62256372,164.8583594,74.07492119,149.720331,12.3949941,259.6694469,79.36509623,82.15965564,76.86539983,207.9469867,116.4154831,4.105943698,9.651108272,0.511560347,0.588422476,3.725715114,0.3762,0.036,563.338489,4.765718782,29.55605406,90.11023619,207.3326376
2015/8/1,0,604.9,48,9,5,60.3,12480,243.0333,1678.6638,0.3087,0.1611,419.073513,1.167310335,0.565108529,1.164078697,0.502749124,27.08902686,220.9159017,81.31001138,175.7261406,331000,331024,2015,8,-2.805277217,51,9,26.09623107,257.0328804,83.05665576,149.8682673,24.83076354,183.8018369,84.51995189,95.92044006,20.73296598,190.6280257,79.7587556,98.51449609,16.64699455,83.08506205,72.62720929,136.7007117,11.76433428,136.2544207,76.86190991,112.7399799,8.450866827,85.74577461,74.58327841,96.1055435,78.95968175,162.797204,220.5835397,4.115779843,9.431962767,0.511560347,0.565108529,5.497304691,0.3249,0.1674,419.8709655,5.400799673,25.72661673,79.73012083,160.0071731
2020/9/1,0,227.8,43,8,10,57.57,8661,477.5589,1132.4349,0.09,0.009,354.979839,0.4668264,0.397607861,0.387144,0.261901949,22.75769756,209.2092366,81.78304329,90.36625514,330800,330803,2020,9,-3.781872321,38,7,29.53953488,58.26401038,70.51966272,224.5454237,27.58358698,402.5018899,81.79726912,130.1699228,26.37262548,471.7804382,84.20866387,85.86011039,23.48705703,304.0741901,76.83104893,127.9049413,16.54227525,92.20408615,66.70484744,176.4670509,13.39235912,205.5044129,79.9611862,72.98492141,77.40081737,157.4558394,223.3250456,4.07022262,9.066700922,0.265245456,0.390064764,6.170779296,0.072,9.00E-04,354.979839,5.413096097,29.55605406,84.10961485,160.0071731
2019/9/1,0,654.8,47,9,9,63.7,13111.9,269.7543,1076.5305,0.2079,0.0162,353.43906,1.10116422,0.524973014,1.277178735,0.477648805,25.11232876,123.6283645,71.84428375,209.8004462,331000,331023,2019,9,-2.726010526,49,9,28.45714789,250.161454,78.63477481,216.1731382,27.08469642,239.227692,85.5210081,128.8317947,23.79797868,267.1092536,86.06672075,90.09742412,20.65170565,106.7845548,72.17121945,148.4919078,17.38651978,189.4367297,81.23076508,117.2429717,12.10292789,163.8050633,78.09992517,112.2112069,79.08124244,212.9867922,204.3391702,4.169761202,9.481351757,0.488397369,0.512607748,5.601211768,0.2205,0.0216,354.979839,5.324663101,28.93896169,85.72078766,212.4112326
2011/5/1,0,914.3,17,3,1,66.3,7735.13,192.7521,2378.196,0.2403,0.2934,420.668418,1.494152129,0,0.80434728,0.424632353,20.84266913,129.6666236,78.15660571,129.5185932,330300,330324,2011,5,-2.392181627,54,10,17.06112587,78.95446304,71.81552742,155.7162316,10.86142703,72.61318138,65.12463187,130.2116466,8.865742962,64.92259198,73.74396805,122.9889875,4.707959726,25.02114399,65.18862534,66.20622664,NA,NA,NA,NA,NA,NA,NA,NA,NA,142.6174124,93.74475601,4.209160237,8.953656842,0.410358747,0,5.266579507,0.2205,0.2934,419.8709655,4.551186497,17.20515142,73.74085262,139.6927838
2013/7/1,0,603.8,44,9,3,58.1,11910,152.4825,42.6852,0.0324,0.009,20.463846,1.2104964,0.605824914,1.434571665,0.565581931,29.28760899,37.0330259,68.41580444,296.3347632,331000,331002,2013,7,-2.807097355,46,9,24.54584292,333.0448669,82.03253262,97.06873943,21.5571893,139.6118012,78.85886787,128.4325417,15.75200259,138.3294524,67.70128223,147.3459196,11.94599919,124.1070761,71.21370462,147.0196897,8.330422801,93.60695328,80.71813054,42.51525679,6.178755819,27.88121792,73.86333015,110.2589009,74.68623607,196.7017513,169.8965647,4.079230924,9.385217622,0.559872674,0.608021028,5.033586554,0.0189,9.00E-04,12.105322,5.141058488,24.25145695,67.62485246,198.60581
2022/7/1,3,251.5,55,10,12,63.5,15135,43.8201,901.2816,0.3402,0.0414,563.338489,0.783479032,0.890360852,0.715501742,0.825277298,30.83529599,43.74257239,71.77540892,264.038854,331100,331125,2022,7,-3.682897382,29,5,25.38238609,419.4557943,79.54577545,129.2577845,20.12964939,225.3615554,80.13137289,96.53606505,18.28277963,120.6935007,84.55654582,109.0999523,15.70448816,222.4406519,77.77787289,86.99395093,6.986625102,134.3212565,79.07843094,88.65142493,8.872994878,72.08333983,74.05718398,122.9815666,78.1317987,196.6483193,229.519974,4.166665224,9.624831291,0.836748282,0.890360852,3.8026567,0.3249,0.036,563.338489,5.440337514,25.72661673,84.79347038,198.60581
2014/6/1,2,543.7,40,7,4,63.3,12269.39,346.9752,555.9192,0.027,9.00E-04,199.785967,1.751233886,0.930566471,1.83975624,0.702841826,24.8284775,336.7674237,77.23115602,131.2325292,330700,330782,2014,6,-2.911942748,21,4,21.60831477,277.5065927,72.21867291,114.9095696,17.57788,111.1219433,73.12118753,99.54527381,12.58159574,162.1276614,71.29819547,119.8678013,7.405947991,153.0365528,79.87613455,65.28410512,7.502397551,23.43880619,65.53305858,153.9826448,6.725932926,119.1015755,62.25206327,135.3999691,71.64720976,123.0710494,241.7986532,4.163559631,9.414944322,0.715795964,0.930566471,5.852131213,0.0189,9.00E-04,203.561224,5.492232512,21.7765019,71.14021505,119.9508454
2018/12/1,0,522.3,30,6,8,66.6,10137,216.0216,945.6507,0.0576,0.009,311.57818,1.9992888,0.644729298,1.759212,0.606225897,7.984430869,134.6732919,85.00271442,39.13882152,330600,330624,2018,12,-2.952098237,42,8,14.49414549,94.84971158,84.10961485,89.31527923,18.140182,38.39803903,72.01978632,170.3913413,25.39735243,209.0281395,78.78083124,161.2773753,29.11205783,251.1224602,76.10510532,223.31669,29.23470621,115.113639,74.59585891,236.8741002,25.34110762,190.6059546,77.03227089,159.581397,78.23516885,64.22705038,89.30701417,4.213607983,9.224046019,0.606225897,0.643658664,5.379996888,0.072,9.00E-04,311.57818,4.503215134,14.190015,78.83347929,67.13716293
2018/2/1,0,911.5,14,2,8,72.9,11295,375.9057,1090.3347,0.0504,0.0045,186.026234,1.653604026,0.274021475,1.660565957,0.364842487,6.374085526,48.93642122,73.5705276,123.6863465,330200,330226,2018,2,-2.395248778,34,6,5.522415049,128.5208884,79.55344089,78.7663534,7.943841359,36.15044022,71.3030904,132.8578937,14.190015,124.0290024,79.98439213,87.13286499,19.77325474,219.6555746,80.66180699,127.7295972,25.16622251,132.7192457,83.87390531,116.7820624,29.69624118,88.347698,76.80917302,246.9539401,77.96519091,101.22635,71.20258328,4.302712828,9.33220396,0.365615499,0.255861131,5.931995024,0.072,9.00E-04,193.037391,4.279475825,5.795795283,79.73012083,100.1483795
2015/10/1,0,545.4,40,7,5,64.5,12431.24,346.8114,552.8754,0.0243,9.00E-04,199.785967,1.577556,0.344898962,1.567367768,0.401228793,19.90634867,110.0257012,76.3575751,128.976628,330700,330782,2015,10,-2.908820902,21,4,23.52357652,166.5665496,79.47764617,108.4831034,27.27748977,236.1038252,76.57286836,170.4222935,26.57217636,295.2469351,79.91979969,156.249197,25.48126116,321.6740716,81.77424233,101.4632405,21.88357062,270.4520917,74.97580463,114.8292376,17.66406396,124.8627093,66.74827403,152.9535204,76.54660147,118.7298657,170.898692,4.182050143,9.428048377,0.410358747,0.33534771,5.851660379,0.0189,9.00E-04,203.561224,5.146905303,23.46422187,79.73012083,119.9508454
2021/8/1,0,1220.4,5,1,11,83.6,16988,136.8675,9.4239,9.00E-04,0.0045,193.037391,4.162320348,0.340042633,4.134978929,0.419743072,27.83334122,275.1247308,74.64316208,97.34051324,330100,330113,2021,8,-2.103406419,NA,1,28.28115957,304.3438547,86.86599831,153.0928518,25.51401936,304.9892073,74.64316208,138.7432481,22.68961851,280.0806645,75.72042867,138.7432481,17.15923695,75.49038322,76.22345226,120.8668206,12.82646342,196.1010527,86.63043305,92.89643077,10.93433062,50.84891466,77.05162051,134.0127381,78.82546528,125.2166825,294.8192643,4.437934267,9.740321355,0.410358747,0.33534771,4.926293079,0.0189,9.00E-04,193.037391,5.689748674,28.1094771,75.48253272,125.9366788
2011/1/1,0,211.9,43,8,1,44.8,7624.6,447.1299,1185.8697,0.1305,0.0252,354.979839,0.084611952,0,0.125994528,0,1.841715319,57.75049934,71.51062897,76.6567092,330800,330803,2011,1,-3.854225907,38,7,NA,NA,NA,NA,NA,NA,NA,NA,NA,NA,NA,NA,NA,NA,NA,NA,NA,NA,NA,NA,NA,NA,NA,NA,NA,NA,NA,3.824284091,8.939266287,0,0,6.105083146,0.1179,0.0216,354.979839,NA,NA,NA,NA
2021/12/1,0,712,35,7,11,68.7,13284,313.6374,240.4953,9.00E-04,9.00E-04,140.011614,1.247755355,0.20642163,1.367848568,0.362244011,9.035351721,28.72046407,69.98024325,113.8301921,330700,330703,2021,12,-2.642262461,15,4,13.61802203,84.97570737,61.29075633,150.4490048,20.38663867,136.4721486,80.80746893,144.8444319,27.21514336,94.93884703,77.59446864,124.438751,27.98190705,290.3784017,79.91979969,137.8355348,28.6788333,212.692472,70.41453944,213.4280774,25.71288651,351.0233736,82.2407143,98.67365082,74.6068558,132.1395985,83.38944001,4.244200318,9.494390858,0.365615499,0.20642163,5.751420865,0.0189,9.00E-04,140.011614,4.435442275,13.38002202,78.04507809,133.6002306
2019/8/1,0,654.8,46,9,9,63.7,13111.9,237.0186,617.535,0.0423,0.009,125.606196,1.284473961,0.579025325,1.33501608,0.534705929,28.45714789,250.161454,78.63477481,216.1731382,331000,331022,2019,8,-2.726010526,48,9,27.08469642,239.227692,85.5210081,128.8317947,23.79797868,267.1092536,86.06672075,90.09742412,20.65170565,106.7845548,72.17121945,148.4919078,17.38651978,189.4367297,81.23076508,117.2429717,12.10292789,163.8050633,78.09992517,112.2112069,8.004007752,169.7074826,85.70301854,22.51477444,81.0610617,172.5024665,252.1661332,4.169761202,9.481351757,0.536984987,0.588422476,5.472348822,0.0189,9.00E-04,116.869122,5.534045926,27.28398987,71.85307176,172.5024665
2017/7/1,0,299.5,22,5,7,62,7958,413.0478,230.2785,0.036,9.00E-04,44.951634,1.9992888,0.731311584,1.644691114,0.722005462,30.93309706,105.7932445,69.89779389,264.038854,330500,330502,2017,7,-3.508225954,10,2,23.88311905,308.747596,80.48670446,103.6469454,22.34159634,120.1898958,70.79302211,201.9824603,17.75764072,148.0914662,66.57925875,188.3891471,10.55427308,150.5723564,71.18579528,137.3969465,7.071585244,37.70621041,69.39956726,140.0378838,6.617126845,72.52479809,78.40082158,123.5017407,72.3918519,183.8428997,178.2435788,4.143134726,8.982058643,0.715795964,0.73485808,6.025981426,0.0189,9.00E-04,36.857972,5.188745656,24.25145695,66.82457478,185.6165035
2017/5/1,1,501,26,6,7,65.5,10136,198.6021,111.8448,0.0027,9.00E-04,36.857972,1.662522686,0.652605425,1.76448132,0.667473022,22.50637573,112.5138931,70.39710239,200.4470055,330600,330602,2017,5,-2.993734271,43,8,18.09424108,186.6125354,67.67385519,187.7440953,11.04734868,177.7074416,73.15614553,116.9047536,7.822860543,37.8313624,67.18625382,131.4570766,7.711329646,61.9533729,77.4707793,114.1291496,9.681899151,37.10964857,77.85985981,125.0087778,13.80883773,82.48894922,82.93047865,81.68245278,73.81063924,194.0955504,158.9446234,4.197201948,9.223947375,0.662728655,0.661372198,5.296325885,0.0189,9.00E-04,36.857972,5.074827651,18.0560877,66.82457478,192.3407359
2020/10/1,0,541.1,21,4,10,71.34,8276,562.9842,0.4059,9.00E-04,9.00E-04,3.746798,2.282246594,0.562567003,2.068864374,0.535624189,19.26059756,37.44035924,75.18971296,110.4818527,330400,330483,2020,10,-2.916736267,13,3,24.1612696,180.4431572,79.63677002,84.5053015,30.4213142,94.59935568,75.01119969,188.0247389,27.05241354,234.5227768,88.7718215,112.8076927,25.86951234,345.9917246,89.31871568,113.9803625,22.93782005,126.4005169,78.04507809,135.6495687,15.9687103,46.36639884,67.680632,213.7809703,79.09341856,97.4935771,104.1609574,4.281377227,9.021235863,0.536984987,0.565108529,6.335026237,0.0189,9.00E-04,12.105322,4.655492104,24.25145695,88.33461764,100.1483795
2022/8/1,0,712.7,36,7,12,69.4,13232,269.7291,1229.9481,0.1215,0.0027,390.12338,1.45187849,0.285585697,1.716145432,0.479718867,31.00262205,77.84813029,66.82457478,228.4713322,330700,330723,2022,8,-2.641279797,19,4,30.91558379,55.51312177,80.79020053,281.5590676,25.49958219,306.0304052,77.48685738,101.2466917,19.94645162,180.7970051,77.36027958,101.2466917,17.85885876,107.8437347,78.7741625,130.2951995,14.78803727,210.5946767,74.58876475,138.8309456,6.060446092,126.9056872,74.58876475,135.281361,75.77337204,255.0151999,146.4638858,4.254193263,9.490468989,0.488397369,0.284822872,5.60111869,0.1179,9.00E-04,390.12338,4.993583303,31.00215942,77.11403091,253.4358897
2015/12/1,0,496.8,30,6,5,63.2,9959,220.3254,948.393,0.1872,0.0243,311.57818,1.751233886,0.531181152,1.724854761,0.663080247,8.196254012,159.7980582,81.05757045,74.83782989,330600,330624,2015,12,-3.002152841,42,8,14.13595459,237.862406,89.04771975,50.5916067,19.40098561,65.00424257,79.82738999,140.5320616,23.56867995,179.5023007,82.04178784,115.4107841,27.43118009,222.1170616,78.83138998,165.6628346,26.57612805,321.6586979,81.92635621,160.1537571,25.02659227,299.636624,83.11183776,98.45189084,82.263436,62.7147183,154.2215689,4.162003211,9.206332351,0.662728655,0.531532866,5.399634017,0.1728,0.0216,311.57818,5.044853573,14.190015,82.26995752,61.02682955
2014/11/1,0,293,25,5,4,57.4,7510.98,491.3685,1297.2915,0.1827,0.0081,227.964614,1.56239712,0.485803545,1.126123329,0.493744028,13.45070088,92.42484962,80.102683,118.5098409,330500,330523,2014,11,-3.530167763,8,2,19.42631297,34.4099148,73.74486004,204.9424447,23.82086106,135.6083127,83.72527512,99.29925976,25.97808072,233.2186827,85.48053676,98.9923568,27.58482687,291.5748846,81.77859981,178.9377068,24.18788608,194.7338944,78.32685622,105.7051422,21.95136709,135.5957457,69.03845537,182.6231352,78.88532376,161.7261428,87.48102571,4.06731589,8.924254358,0.488397369,0.488635501,6.19922742,0.1728,9.00E-04,226.174007,4.48278813,19.56753976,85.72078766,160.0071731
2013/4/1,0,212.2,51,10,3,53.8,14537.2,144.7344,1281.726,0.1998,0.036,389.937902,0.590629006,0.377465616,0.66370752,0.363672779,17.05311775,205.5750276,71.11956698,115.8120992,331100,331102,2013,4,-3.852811146,25,5,14.06657459,171.6205232,72.75776438,138.8309456,10.27739747,123.4316994,80.91023357,47.63482962,6.974307634,26.43532066,75.88088511,98.09469472,8.312903647,135.2183187,76.81259156,89.54166441,13.67858302,194.0471394,77.1142655,101.3211246,20.31075979,31.24797154,65.41257933,207.0764036,74.28684092,127.3215224,166.8757501,4.003690194,9.584534947,0.365615499,0.390064764,4.981785787,0.2205,0.036,390.12338,5.123224123,14.190015,76.31589737,125.9366788
2014/11/1,0,543.7,39,7,4,63.3,12269.39,548.8758,596.1654,0.063,0.0036,162.269132,2.42083728,0.254478882,3.25870776,0.691921542,14.93913081,70.04377372,75.94751953,109.1785967,330700,330781,2014,11,-2.911942748,16,4,20.31656107,20.66017549,66.49987417,205.1186622,25.27261578,168.1311286,80.8228981,120.6661261,26.99700311,320.4018371,81.56708264,127.1600888,28.49876106,209.5218957,75.75054909,217.2790272,24.8284775,336.7674237,77.23115602,131.2325292,21.60831477,277.5065927,72.21867291,114.9095696,75.71967892,157.1486295,86.27835927,4.163559631,9.414944322,0.690883811,0.255861131,6.309692435,0.072,9.00E-04,167.086052,4.469102543,20.32156853,81.56708264,160.0071731
2012/12/1,0,211.7,51,10,2,52.5,14284.8,124.2612,1310.5755,0.207,0.0387,389.937902,0.4362264,0.329855808,0.354165445,0.231968205,8.312903647,135.2183187,76.81259156,89.54166441,331100,331102,2012,12,-3.855170194,25,5,13.67858302,194.0471394,77.1142655,101.3211246,20.31075979,31.24797154,65.41257933,207.0764036,23.69906458,192.0770757,74.4242227,155.8511421,28.26035508,184.855191,74.45949792,185.6881756,29.44943921,96.32403286,69.579858,256.1904602,25.12939884,443.6699302,82.4435524,85.32280456,74.3209382,95.43139451,120.1711432,3.979681654,9.567021316,0.231968205,0.33534771,4.830401157,0.2205,0.036,390.12338,4.797203953,13.38002202,74.60569857,94.06269957
2022/3/1,0,961.8,9,2,12,78.9,11470.46,177.426,294.696,0.0828,9.00E-04,167.812433,1.654490323,0.244300821,1.691923819,0.378703493,13.71343007,161.0094163,67.31222395,136.5872062,330200,330203,2022,3,-2.341533843,33,6,6.186670698,107.8857392,88.5766451,25.58108816,7.219989517,77.00340459,71.42229453,147.5353913,8.932686806,27.85727444,69.5459747,126.507463,13.76622301,107.3364307,77.39828377,153.4535838,20.829637,186.5383425,78.52919597,86.79288723,26.58327481,195.7028595,78.26088214,135.9971453,75.86364288,81.08414718,115.29952,4.380775853,9.347617491,0.390373939,0.242633106,5.184173949,0.072,9.00E-04,167.086052,4.756168933,6.466127012,69.48806347,80.40632124
2013/10/1,0,494.9,31,6,3,61,9785.55,572.5278,1477.4985,0.0864,0.0027,167.086052,0.992841561,0.368152102,1.121023277,0.371197426,19.3221275,220.312033,73.17146827,145.0370343,330600,330681,2013,10,-3.00598465,44,8,25.00265301,35.58771787,71.85925677,178.4175879,30.56301654,198.3341925,64.79152102,236.5259321,31.31178312,17.72863124,59.2130849,305.2959416,24.74598109,310.4034532,81.81404198,83.31705773,22.58010914,95.57892554,73.19628915,163.3652382,16.37900508,128.5641671,62.43455906,167.1079708,69.49717445,161.7273111,151.4113145,4.127134385,9.188764273,0.365615499,0.357710246,6.35180641,0.072,9.00E-04,167.086052,5.026582882,24.96099241,59.2130849,160.0071731
2014/10/1,0,781.1,16,2,4,70.3,11045.4,539.7192,145.8981,0.0513,9.00E-04,20.550996,1.937089543,0.509359567,1.644335535,0.541701228,20.21063124,25.27622239,71.72987012,192.2379146,330200,330282,2014,10,-2.549637189,31,6,24.52238099,259.1551044,84.51645144,94.93482146,26.72776871,297.7027323,84.91115834,110.7844938,27.89631702,165.1902859,81.24237297,184.7341917,23.38683888,300.4496828,82.98126339,98.83399467,20.93561835,174.5908007,74.58413573,136.2368908,15.81327504,117.5213681,77.99510584,115.6364668,79.70862255,143.586368,194.0446864,4.266896327,9.309859862,0.536984987,0.512607748,6.292900105,0.072,9.00E-04,12.105322,5.273228693,24.25145695,81.56708264,146.7052736
2022/9/1,0,535.3,26,6,12,72.1,10480,194.7924,109.791,9.00E-04,9.00E-04,36.857972,2.22537024,0.738239817,2.11201992,0.732655835,24.57972758,181.4476996,70.7367571,135.9971453,330600,330602,2022,9,-2.927513035,43,8,31.12065903,76.90191441,66.84886591,283.0761784,31.19426226,93.87203387,75.01119969,283.0761784,26.11208222,210.9004472,84.36491381,113.9803625,20.18352271,138.8637623,75.93384101,139.9530491,17.82945584,93.68733164,75.30988074,109.1785967,14.34906938,191.4410091,81.18531392,116.9047536,75.62725317,209.5366619,117.407216,4.291828367,9.257319373,0.738062589,0.73485808,5.277054914,0.0189,9.00E-04,36.857972,4.774129666,31.00215942,84.10961485,207.3326376
2016/10/1,0,918.8,5,1,6,76.2,16306.07,143.1828,9.1602,0.0144,0.0207,167.812433,1.551924,0.190613952,2.0062692,0.459477803,20.27114805,168.8361728,84.9383189,48.88894991,330100,330113,2016,10,-2.387271901,NA,1,24.26374911,255.4320331,78.10174135,132.5598003,29.36065711,80.54012211,70.91543795,264.806132,29.43932935,128.527549,77.60199467,219.1356832,24.73796476,398.4982979,85.54661103,117.9136526,21.27657342,345.908941,81.71464658,128.0735751,17.5336422,337.2200003,82.73118505,107.1895111,80.22141936,90.72437511,168.2694427,4.346399457,9.699354035,0.457776718,0.190613952,4.971081939,0.0189,0.0216,167.086052,5.131491781,24.25145695,78.04507809,94.06269957
2023/3/1,0,716.3,39,7,13,70.4,13232,551.772,598.0833,0.0243,0.0018,162.269132,2.381712503,0.646198629,2.441470645,0.72435924,13.50416624,93.56016835,78.9487231,88.65142493,330700,330781,2023,3,-2.636241298,16,4,9.013142792,87.63075632,83.24733558,29.74284612,7.594647933,42.06013821,70.51305791,177.3792098,6.635869222,59.64807613,69.91494564,123.2720895,16.76130103,115.0061247,77.67970972,201.730527,19.33027624,21.3293906,70.23791549,139.2704347,25.45979337,82.83629677,73.28260295,128.976628,74.83204148,59.19713553,74.41702096,4.268297869,9.490468989,0.715795964,0.643658664,6.31494562,0.0189,9.00E-04,167.086052,4.323032992,8.843915617,70.20986951,61.02682955
2013/8/1,0,494.9,33,6,3,61,9785.55,493.7859,1191.0087,0.4446,0.0036,246.933992,1.228648761,0.23101263,1.941615987,0.625616849,30.56301654,198.3341925,64.79152102,236.5259321,330600,330683,2013,8,-3.00598465,41,8,31.31178312,17.72863124,59.2130849,305.2959416,24.74598109,310.4034532,81.81404198,83.31705773,22.58010914,95.57892554,73.19628915,163.3652382,16.37900508,128.5641671,62.43455906,167.1079708,12.00402104,135.6774443,71.72731159,142.4648941,7.561853352,93.43857313,83.1589694,44.74933134,70.90511101,270.9109369,175.488759,4.127134385,9.188764273,0.638839034,0.242633106,6.204125144,0.4194,9.00E-04,246.933992,5.173257186,31.00215942,72.81342099,270.9109369
2023/11/1,0,716.3,41,7,13,70.4,13232,398.295,1166.4369,0.0315,9.00E-04,286.626605,2.05482204,0.519422315,2.13565572,0.62121285,14.67452462,70.29241995,70.23791549,106.1253107,330700,330783,2023,11,-2.636241298,14,4,20.08417399,36.49319402,68.19363622,139.2704347,26.55637031,99.09516584,69.31322366,261.8499001,28.18689589,173.6753424,70.7367571,159.5606838,29.71319639,165.3104895,67.7105728,237.1985637,26.37172984,190.3477627,82.39841468,138.2020195,22.60289613,119.8684325,66.09480515,135.9971453,70.66933216,122.6978727,68.6269266,4.268297869,9.490468989,0.606225897,0.512607748,5.989700492,0.0189,9.00E-04,298.629972,4.243151369,20.32156853,71.14021505,119.9508454
2019/6/1,1,654.8,47,9,9,63.7,13111.9,269.7543,1076.5305,0.2079,0.0162,353.43906,1.968635497,0.930566471,1.523126314,0.502749124,23.79797868,267.1092536,86.06672075,90.09742412,331000,331023,2019,6,-2.726010526,49,9,20.65170565,106.7845548,72.17121945,148.4919078,17.38651978,189.4367297,81.23076508,117.2429717,12.10292789,163.8050633,78.09992517,112.2112069,8.004007752,169.7074826,85.70301854,22.51477444,7.783640319,101.1794796,78.30685211,80.9024281,9.814863235,95.40844132,80.0731946,46.63909757,80.23595653,119.294666,187.776846,4.169761202,9.481351757,0.511560347,0.930566471,5.601211768,0.2205,0.0216,354.979839,5.240565609,20.32156853,78.04507809,119.9508454
2013/8/1,0,494.9,31,6,3,61,9785.55,572.5278,1477.4985,0.0864,0.0027,167.086052,1.751233886,0.564337716,0.639862374,0.590756514,30.56301654,198.3341925,64.79152102,236.5259321,330600,330681,2013,8,-3.00598465,44,8,31.31178312,17.72863124,59.2130849,305.2959416,24.74598109,310.4034532,81.81404198,83.31705773,22.58010914,95.57892554,73.19628915,163.3652382,16.37900508,128.5641671,62.43455906,167.1079708,12.00402104,135.6774443,71.72731159,142.4648941,7.561853352,93.43857313,83.1589694,44.74933134,70.90511101,270.9109369,175.488759,4.127134385,9.188764273,0.588605061,0.565108529,6.35180641,0.072,9.00E-04,167.086052,5.173257186,31.00215942,72.81342099,270.9109369
2023/4/1,0,1252.2,1,1,13,84.2,16632,359.6157,238.0302,0.0018,9.00E-04,36.146003,8.70515208,0.942289221,9.08625168,1,17.51284444,94.79580932,78.22651707,116.7820624,330100,330109,2023,4,-2.077683089,6,1,12.7627668,99.51394253,76.28736853,116.0981457,7.926972307,89.88737932,67.31222395,82.45922602,6.483411608,49.98787443,67.69369372,162.9406349,5.551388591,45.82044223,61.19570518,134.0127381,15.93767621,84.17956337,67.31222395,161.8242677,18.43098191,33.27276114,69.9484977,158.1200825,69.71089001,116.4401041,94.73237706,4.445001434,9.719143953,1,0.930566471,5.887812848,0.0189,9.00E-04,36.857972,4.561556559,12.67106889,67.62485246,113.3259995
2019/3/1,0,654.8,44,9,9,63.7,13111.9,144.2664,40.1238,0.0036,9.00E-04,20.463846,1.1120112,0.530498677,1.0832904,0.436089918,12.10292789,163.8050633,78.09992517,112.2112069,331000,331002,2019,3,-2.726010526,46,9,8.004007752,169.7074826,85.70301854,22.51477444,7.783640319,101.1794796,78.30685211,80.9024281,9.814863235,95.40844132,80.0731946,46.63909757,15.70037555,111.7347785,79.98424884,86.99395093,18.93711392,58.65399856,69.42307011,167.3205633,25.60886866,181.7260348,78.31096663,164.488009,78.55732514,67.36299067,144.8973418,4.169761202,9.481351757,0.436089918,0.531532866,4.978569298,0.0189,9.00E-04,12.105322,4.982903236,7.959079288,79.73012083,67.13716293
2016/10/1,0,216.5,53,10,6,58,15364.5,153.3339,1299.141,0.6471,0.0099,502.769314,0.553856052,0.734986352,0.641733213,0.722005462,22.51531566,104.2653035,84.15018051,56.22349844,331100,331122,2016,10,-3.832749825,23,5,25.15465068,382.0844033,79.47026216,118.532935,29.34844799,100.1940767,72.79721661,222.2880812,29.61963256,81.09764008,74.98359589,224.8914343,26.10230065,389.637073,83.21604274,129.2577845,23.16193942,339.3237792,80.47841092,126.1015471,18.97052584,300.6989842,84.8002787,79.82158793,79.98514108,87.37821672,195.5145945,4.077537444,9.639880016,0.715795964,0.73485808,5.039118437,0.6579,9.00E-04,502.769314,5.280736701,24.96099241,74.60569857,87.29434144
2014/8/1,0,601.5,45,9,4,59.5,12283,194.8185,691.137,0.0558,0.0252,256.708242,1.2104964,0.512607748,0.93807511,0.375571857,27.03085673,290.3037406,84.68306053,116.6015963,331000,331003,2014,8,-2.810913837,45,9,28.02168059,153.8894052,80.23039523,214.8295092,23.76431069,307.6080432,83.44466992,110.9836915,20.69404057,221.9361122,79.96596207,103.154803,16.25153639,142.2519951,77.91517581,109.2620512,12.00242689,135.8749162,75.1100779,132.4296008,7.559956382,146.1452189,79.4661664,68.1465779,80.11650112,165.7155528,250.6003963,4.102643365,9.416052882,0.390373939,0.512607748,5.27718821,0.072,0.0216,246.933992,5.5278421,28.1094771,79.73012083,166.0176124
2012/9/1,0,763.9,15,2,2,69.4,10661,489.2472,646.5429,0.0918,9.00E-04,163.217811,2.61188064,0.962174189,3.159299961,0.717764043,23.16751615,150.6010961,74.18990309,160.8400828,330200,330281,2012,9,-2.571903481,37,6,28.116371,275.2301293,76.45507378,200.0128189,29.16361709,71.16861522,71.47334574,273.152333,24.25842892,278.91368,83.54279641,83.88519002,20.64581923,209.2175599,75.54707534,149.6755528,17.53696935,127.39126,71.14305802,163.1916477,10.01874989,198.6709488,73.35810365,129.79484,75.10133658,180.4264509,165.6666135,4.254193263,9.274441297,0.715795964,0.962174189,6.194909754,0.072,9.00E-04,167.086052,5.115995491,28.1094771,83.24733558,179.1966463
2018/6/1,3,1125.4,7,1,8,77.4,16520.29,212.724,3747.5577,0.3888,0.1161,360.117794,4.1028408,0.408847849,4.596588,0.411201288,25.13423381,214.2508912,78.26088214,171.5162123,330100,330127,2018,6,-2.184446565,1,1,23.2073284,198.1421861,78.95502253,139.3076253,18.40208672,185.1158424,71.42560517,172.630004,13.1295967,109.9339142,75.72042867,144.6631518,5.971654351,58.08038476,73.57690787,119.6998388,4.569708318,124.5380993,79.04697344,82.36134722,7.068897274,68.6033523,70.94362152,131.8595576,75.41849162,155.4119188,199.1696399,4.361823927,9.712405131,0.410358747,0.413375416,5.364685463,0.3762,0.12195,354.979839,5.299165207,23.46422187,75.48253272,153.2510823
2018/7/1,0,244.4,55,10,8,61.5,15480.8,41.4108,904.6116,0.4194,0.0414,563.338489,0.661420916,0.759690002,0.503294284,0.561773973,29.13835855,118.2730284,74.60569857,219.6692855,331100,331125,2018,7,-3.711534145,29,5,25.93197473,195.8748238,78.83015534,130.2823373,24.69060528,224.2993486,77.77787289,146.8280319,19.73626235,170.6268998,73.12704133,133.2305266,14.86906306,110.4091433,75.38418929,138.2343214,8.30620963,46.00066533,71.77234114,122.9815666,7.503610807,101.111824,79.62189905,81.08599364,75.87417109,174.9758114,179.4824003,4.135166557,9.647420419,0.559872674,0.762450687,3.747403047,0.4194,0.036,563.338489,5.195633268,25.72661673,72.81342099,172.5024665
2020/5/1,0,662.7,48,9,10,61.98,13239,245.7009,1671.7203,0.1926,0.0792,419.073513,1.37817936,0.697084299,1.4905944,0.645614091,22.55333909,172.1376123,79.42630099,137.6306628,331000,331024,2020,5,-2.714017973,51,9,15.81981946,48.24249701,67.10708922,193.5347553,12.88565174,154.0559181,76.46213901,97.05619612,10.57615355,78.95502821,75.15122609,127.4519219,9.29137292,107.1591254,77.62996288,88.37321219,10.57842716,73.24223247,74.05718398,145.6345075,15.6875692,24.8189246,70.64901044,149.3356509,74.3547018,165.5827091,124.8120091,4.142817216,9.490997829,0.638839034,0.690448988,5.508176672,0.1728,0.0738,419.8709655,4.834788802,15.72707004,75.48253272,166.0176124
2018/4/1,1,648.8,50,9,8,63,13014.18,478.2735,1481.2353,0.2646,0.0306,207.043223,1.751233886,0.930566471,1.601842114,0.662522612,18.26227147,136.8190577,72.46738539,147.5220391,331000,331082,2018,4,-2.735215869,47,9,13.21361312,100.1731335,76.6347626,138.8389516,7.087353587,45.192759,70.51305791,123.2720895,6.55296498,128.2237748,77.28916632,81.54970126,8.857711278,37.24565865,67.78874559,125.8324956,14.79816206,138.286165,77.50746893,71.92271532,20.42557368,176.4841233,71.74733963,152.6655763,73.42113234,143.1804954,94.06165007,4.158883083,9.473871648,0.662728655,0.930566471,6.172271416,0.2745,0.036,203.561224,4.554525629,13.38002202,77.11403091,146.7052736
2015/4/1,0,213.9,52,10,5,56.4,15206.3,144.0639,2264.7249,0.1854,0.0405,462.848368,0.483336929,0.556239743,0.4825278,0.441494032,18.45509031,111.5256063,71.61405893,137.7214637,331100,331121,2015,4,-3.844831756,26,5,13.53247486,153.4102008,77.9949525,96.50593906,9.769192574,103.706851,75.87496245,91.61946007,8.378005368,61.0954961,71.42297643,130.5298706,7.806798913,23.87406685,66.612756,153.6526654,15.84542769,59.50208359,79.73012083,100.5019198,20.8535845,13.97002882,70.84145799,213.3887352,73.44161216,117.1137014,122.880886,4.050044303,9.629530855,0.436089918,0.565108529,4.977174335,0.1728,0.036,462.848368,4.819320507,13.38002202,71.14021505,119.9508454
2017/9/1,0,800.5,13,2,7,72.4,11236,357.6348,649.044,0.0297,9.00E-04,79.201771,2.09987424,0.459548681,1.983672,0.601837118,25.16622251,132.7192457,83.87390531,116.7820624,330200,330225,2017,9,-2.52510384,35,6,29.69624118,88.347698,76.80917302,246.9539401,30.27927267,57.73009392,72.58891032,281.5590676,23.49000737,344.3446006,85.74095576,77.05921418,21.7803807,94.25365206,75.35443179,200.1002005,17.31480067,161.4777627,71.2092303,185.7522158,10.74625071,161.6600593,75.07091388,119.8437079,77.23536005,181.8680013,92.93234587,4.295923936,9.326967184,0.606225897,0.459548681,5.882304601,0.0189,9.00E-04,71.046186,4.542574798,29.55605406,85.72078766,179.1966463
2015/9/1,0,213.9,53,10,5,56.4,15206.3,150.3072,1303.1694,0.603,0.009,502.769314,0.553856052,0.794214483,0.52028568,0.7706443,23.86485009,170.3850518,82.19357399,102.9264154,331100,331122,2015,9,-3.844831756,23,5,27.38841119,266.5201803,79.04554854,166.8977769,26.90648209,262.7141531,80.8502308,143.5974294,26.26041708,316.4045971,83.31414544,107.9031754,22.40376869,330.893826,80.06083444,89.26388598,18.45509031,111.5256063,71.61405893,137.7214637,13.53247486,153.4102008,77.9949525,96.50593906,79.29619209,134.9120962,233.2064617,4.050044303,9.629530855,0.764793515,0.793705726,5.019312207,0.6219,9.00E-04,502.769314,5.456203041,27.28398987,83.24733558,133.6002306
2015/3/1,0,545.4,35,7,5,64.5,12431.24,315.7857,247.8438,0.0126,9.00E-04,140.011614,1.843079226,0.530498677,1.0832904,0.436089918,12.53618805,149.0098374,74.48066899,103.7382571,330700,330703,2015,3,-2.908820902,15,4,8.597439331,115.9597067,72.69079689,101.3604746,7.41375257,64.52421916,67.56097522,120.065407,6.812101488,24.15818145,60.49498928,173.7653419,14.93913081,70.04377372,75.94751953,109.1785967,20.31656107,20.66017549,66.49987417,205.1186622,25.27261578,168.1311286,80.8228981,120.6661261,71.21396031,102.5493659,109.8312544,4.182050143,9.428048377,0.436089918,0.531532866,5.75822552,0.0189,9.00E-04,140.011614,4.708008814,8.843915617,60.59238893,100.1483795
2020/12/1,0,706.2,38,7,10,68.19,13215,93.186,1068.021,0.2304,0.0045,572.813251,1.147126181,0.167395114,1.216345123,0.311144368,8.202548935,25.3880355,69.98024325,95.98938216,330700,330727,2020,12,-2.650441888,17,4,15.93084424,29.58641526,72.28274841,140.1139158,19.40912348,24.02036848,70.23791549,139.2704347,23.46045531,195.3866794,77.67970972,101.2466917,29.77892158,120.0700123,66.82457478,229.6528385,27.96522721,243.5669366,79.89330296,124.438751,26.60023506,349.5818422,82.2407143,94.82366878,74.16274413,118.051649,26.33160641,4.236856344,9.489183496,0.312436282,0.16796771,4.545271551,0.2205,9.00E-04,572.813251,3.308043777,15.72707004,78.04507809,119.9508454
2014/1/1,0,495.6,27,6,4,62.1,9893.01,253.7298,570.771,0.0495,0.0063,116.869122,1.232975057,0.505438015,1.035676452,0.493744028,7.132056996,29.69249175,69.38210492,163.3280154,330600,330603,2014,1,-3.004571222,39,8,6.198551409,97.04451042,67.70432507,123.3919802,13.30204811,53.73751775,69.64290329,151.1434366,19.3221275,220.312033,73.17146827,145.0370343,25.00265301,35.58771787,71.85925677,178.4175879,30.56301654,198.3341925,64.79152102,236.5259321,31.31178312,17.72863124,59.2130849,305.2959416,67.96638061,143.3599978,60.15817331,4.14472077,9.199684803,0.488397369,0.512607748,5.540203376,0.0189,9.00E-04,116.869122,4.113463513,6.466127012,72.81342099,146.7052736
2015/1/1,0,901.8,7,1,5,75.3,16210.02,217.5399,3745.4733,0.4311,0.1674,360.117794,2.564776684,0.357710246,3.829476194,1,6.050383221,69.33262286,71.59455111,117.9158279,330100,330127,2015,1,-2.405947606,1,1,5.335723951,24.26757837,61.19570518,177.6510421,13.36168041,98.92878063,78.9487231,105.8670271,19.26481717,36.14403579,70.6199863,198.9597316,23.96939865,137.8248586,83.40363293,103.5614137,25.82353971,260.5541375,84.36491381,113.2481742,27.44481412,294.0708922,80.58307243,186.4899738,75.81579784,147.783435,64.17632729,4.334672938,9.693446537,1,0.357710246,5.386968607,0.4194,0.1674,354.979839,4.177096325,5.795795283,70.20986951,146.7052736
2019/11/1,0,691.1,40,7,9,68.7,13076,342.1368,544.1877,0.0063,9.00E-04,199.785967,2.0372508,0.492889733,1.899949587,0.450418413,14.94632298,22.49570549,68.35696484,147.3563698,330700,330782,2019,11,-2.672055841,21,4,20.58383604,78.09041899,70.98237699,159.1457947,25.34536034,79.7854963,67.7105728,209.5147564,28.92060999,182.5569495,70.41453944,232.652427,27.68827971,318.2297331,80.52526085,137.8355348,24.6066008,323.2779842,80.90615566,105.5970368,21.62838989,159.6029589,66.09480515,144.8444319,72.1415251,153.2510823,60.12387359,4.244200318,9.478610241,0.457776718,0.488635501,5.838129201,0.0189,9.00E-04,203.561224,4.11290252,20.32156853,70.20986951,153.2510823
2015/10/1,0,901.8,7,1,5,75.3,16210.02,217.5399,3745.4733,0.4311,0.1674,360.117794,7.900720142,0.760719666,4.6794384,0.541554674,18.70151128,118.5248072,78.19672998,150.4662316,330100,330127,2015,10,-2.405947606,1,1,22.82093371,136.1685166,80.16481353,122.1422172,26.51326523,229.99946,80.18476746,160.9166954,25.72915069,353.0648913,83.39859319,135.7709021,24.37061102,453.1447665,84.76305339,98.6412641,21.22086567,295.6478066,76.83437088,132.8208363,16.52871724,183.8323559,71.01961818,169.1005135,79.22313523,136.3042244,161.5642613,4.334672938,9.693446537,0.536984987,0.762450687,5.386968607,0.4194,0.1674,354.979839,5.091073378,22.65560618,83.24733558,133.6002306
2012/6/1,0,494.3,28,6,2,60.1,9587.19,569.8494,517.149,0.1899,0.0018,69.476453,2.17388448,0.692757365,2.01225384,0.662728655,24.64556475,266.8752785,82.00593574,83.90035499,330600,330604,2012,6,-3.007197752,40,8,21.28888271,173.1251809,73.16772079,149.9094192,18.55068785,133.6264756,67.85237785,157.4182772,10.37687258,232.1345983,71.67912399,123.9707236,4.797424499,99.73748233,75.88100496,56.07934171,4.604327073,125.0632744,77.37577198,48.35539334,6.435883723,34.87779795,69.47293668,113.4615957,73.91926743,116.9048871,191.2089783,4.112511866,9.168287412,0.662728655,0.690448988,6.347125427,0.1728,9.00E-04,71.046186,5.258583209,21.11270064,71.85307176,119.9508454
2012/9/1,0,763.9,11,2,2,69.4,10661,256.9563,329.049,0.1161,9.00E-04,82.268929,2.61188064,0.699050194,2.9604852,0.728797838,23.16751615,150.6010961,74.18990309,160.8400828,330200,330212,2012,9,-2.571903481,36,6,28.116371,275.2301293,76.45507378,200.0128189,29.16361709,71.16861522,71.47334574,273.152333,24.25842892,278.91368,83.54279641,83.88519002,20.64581923,209.2175599,75.54707534,149.6755528,17.53696935,127.39126,71.14305802,163.1916477,10.01874989,198.6709488,73.35810365,129.79484,75.10133658,180.4264509,165.6666135,4.254193263,9.274441297,0.738062589,0.690448988,5.552790191,0.1179,9.00E-04,71.046186,5.115995491,28.1094771,83.24733558,179.1966463
2011/2/1,0,493.4,31,6,1,59.3,9480,552.6846,1509.7536,0.1251,0.0036,167.086052,1.228648761,0.305791566,3.25870776,0.764793515,6.84637613,35.88901569,70.57143606,122.9768369,330600,330681,2011,2,-3.009020168,44,8,1.431313535,44.93996165,68.09512137,100.2874456,NA,NA,NA,NA,NA,NA,NA,NA,NA,NA,NA,NA,NA,NA,NA,NA,NA,NA,NA,NA,NA,111.6321413,NA,4.099332104,9.157045075,0.764793515,0.309868979,6.316595211,0.1179,9.00E-04,167.086052,NA,1.436389567,NA,113.3259995
2016/12/1,0,216.5,51,10,6,58,15364.5,153.1818,1266.6348,0.1665,0.027,389.937902,0.6229602,0.33225711,0.125994528,0,11.2410449,24.98923762,79.03010508,117.0200952,331100,331102,2016,12,-3.832749825,25,5,15.19307212,130.4777839,84.55654582,71.83371452,22.51531566,104.2653035,84.15018051,56.22349844,25.15465068,382.0844033,79.47026216,118.532935,29.34844799,100.1940767,72.79721661,222.2880812,29.61963256,81.09764008,74.98359589,224.8914343,26.10230065,389.637073,83.21604274,129.2577845,79.74342126,94.42690486,86.57744167,4.077537444,9.639880016,0,0.33534771,5.038132426,0.1728,0.0216,390.12338,4.47252345,14.93963892,79.73012083,94.06269957
2018/9/1,0,522.3,31,6,8,66.6,10137,600.8634,1449.5103,0.0405,9.00E-04,167.086052,1.232975057,0.344898962,1.280574,0.393178114,25.39735243,209.0281395,78.78083124,161.2773753,330600,330681,2018,9,-2.952098237,44,8,29.11205783,251.1224602,76.10510532,223.31669,29.23470621,115.113639,74.59585891,236.8741002,25.34110762,190.6059546,77.03227089,159.581397,23.46422187,196.4207545,75.47177159,138.3237343,18.81071492,117.318627,67.50412328,170.4053481,13.60631027,82.90289945,74.10692694,153.1219069,74.79955545,192.2970327,191.7547462,4.213607983,9.224046019,0.390373939,0.33534771,6.400030509,0.0189,9.00E-04,167.086052,5.261418636,28.93896169,77.11403091,192.3407359
2018/5/1,0,224.2,43,8,8,58,8409,478.9098,1133.9298,0.1071,0.009,354.979839,0.4804164,0.413375416,0.4658616,0.261901949,23.89335383,195.8156539,78.80141096,130.580795,330800,330803,2018,5,-3.797801861,38,7,18.90751966,244.534601,73.682312,143.0020621,13.97380601,165.6002408,75.58686371,135.8371012,6.939251257,63.25153211,71.98089754,118.6442443,5.707366553,102.204432,79.25455345,79.9368788,7.571040422,56.45115499,72.43903565,135.7146546,13.82292621,132.7697578,77.63828035,97.36453421,75.62619338,136.7914286,201.9834986,4.077537444,9.037176753,0.265245456,0.413375416,6.17359817,0.1179,9.00E-04,354.979839,5.313124688,18.74479219,71.85307176,139.6927838
2016/7/1,0,216.5,57,10,6,58,15364.5,45.1575,1873.0377,0.7074,0.0936,728.275011,0.64026936,0.73485808,0.503294284,0.595179553,29.61963256,81.09764008,74.98359589,224.8914343,331100,331127,2016,7,-3.832749825,24,5,26.10230065,389.637073,83.21604274,129.2577845,23.16193942,339.3237792,80.47841092,126.1015471,18.97052584,300.6989842,84.8002787,79.82158793,12.81533457,129.7456321,73.96099179,132.1171284,8.87699492,53.891512,73.92753387,136.6844398,7.57119973,163.098895,83.36825031,55.65568269,79.24787203,177.0746094,270.0194974,4.077537444,9.639880016,0.588605061,0.73485808,3.832059461,0.7011,0.0909,728.275011,5.602190765,25.72661673,84.79347038,179.1966463
2020/12/1,0,250.8,55,10,10,61.82,15804,43.7499,901.6155,0.4167,0.0441,563.338489,0.334160013,0.317925726,0.324731613,0.278220861,9.33550773,28.63207248,74.96103154,62.55374718,331100,331125,2020,12,-3.685684563,29,5,16.90108256,23.85253222,72.61728984,132.9317002,20.12281848,15.14142183,71.85358627,137.9557795,23.75368168,201.5539983,80.13137289,96.53606505,29.61879175,134.6774327,71.30919625,212.5697679,28.68953815,207.8341746,78.12369835,154.6820255,27.25375255,301.5283718,81.39452079,104.5568883,75.77009942,97.74272369,22.54200884,4.140273494,9.668081625,0.278220861,0.309868979,3.80108921,0.4194,0.0468,563.338489,3.158786436,17.20515142,79.73012083,100.1483795
2023/10/1,1,671.2,48,9,13,64.8,13298,247.2795,1669.3884,0.1719,0.0036,419.073513,1.532559716,0.793705726,1.65262889,0.728967416,20.83490452,45.7192664,67.22443066,169.0238726,331000,331024,2023,10,-2.701273217,51,9,26.85263515,69.21306822,83.19591542,215.889888,28.29136256,133.5809562,70.62744232,229.313362,29.12461028,146.7220102,75.66496954,228.4713322,25.93986518,135.5838406,83.95494643,153.0928518,21.63829757,86.61392314,80.86546286,86.99395093,17.19199813,101.7116741,76.83104893,117.2429717,76.90917374,192.4568803,82.83776361,4.186619838,9.495444123,0.738062589,0.793705726,5.514555128,0.1728,9.00E-04,419.8709655,4.428883546,26.56699551,75.48253272,192.3407359
2011/8/1,0,914.3,17,3,1,66.3,7735.13,192.7521,2378.196,0.2403,0.2934,420.668418,1.9992888,0.534279428,1.440168503,0.431255049,28.57840403,257.5807896,76.4518052,210.7309772,330300,330324,2011,8,-2.392181627,54,10,28.87168223,193.6456711,77.96013214,215.5723418,26.08066784,202.7289326,82.08717731,111.779984,20.84266913,129.6666236,78.15660571,129.5185932,17.06112587,78.95446304,71.81552742,155.7162316,10.86142703,72.61318138,65.12463187,130.2116466,8.865742962,64.92259198,73.74396805,122.9889875,75.04854967,213.1516595,217.9851311,4.209160237,8.953656842,0.436089918,0.531532866,5.266579507,0.2205,0.2934,419.8709655,5.389003833,28.93896169,78.04507809,212.4112326
2014/11/1,0,889.2,2,1,4,75.1,16024.48,421.803,384.6573,0.0414,9.00E-04,70.142276,3.443322729,0.512607748,2.418527265,0.483550177,13.36168041,98.92878063,78.9487231,105.8670271,330100,330110,2014,11,-2.42001819,7,1,19.26481717,36.14403579,70.6199863,198.9597316,23.96939865,137.8248586,83.40363293,103.5614137,25.82353971,260.5541375,84.36491381,113.2481742,27.44481412,294.0708922,80.58307243,186.4899738,24.06394797,304.8101252,78.47535671,118.548907,21.35450351,230.3102589,72.44802001,147.0937163,78.40624361,152.4133794,90.96589167,4.332048265,9.681935235,0.488397369,0.512607748,6.04690635,0.0189,9.00E-04,71.046186,4.521417766,19.56753976,84.10961485,153.2510823
